{
  "version": 1,
  "author": "Anonymous maker",
  "editor": "wokwi",
  "parts": [
    { "type": "board-esp32-devkit-c-v4", "id": "esp", "top": 0, "left": 0, "attrs": {} },
    {
      "type": "wokwi-serial-port",
      "id": "serial",
      "top": 0,
      "left": 0,
      "attrs": { "baud": "115200" }
    },
    {
      "type": "wokwi-buzzer",
      "id": "bz1",
      "top": -7.2,
      "left": 155.4,
      "attrs": { "volume": "0.1" }
    },
    {
      "type": "wokwi-led",
      "id": "led1",
      "top": 162.4,
      "left": 145.4,
      "rotate": 270,
      "attrs": { "color": "red" }
    }
  ],
  "connections": [
    [ "esp:TX", "serial:RX", "", [] ],
    [ "esp:RX", "serial:TX", "", [] ],
    [ "bz1:1", "esp:GND.3", "black", [ "h-19.2", "v9.6" ] ],
    [ "esp:16", "bz1:2", "green", [ "h0" ] ],
    [ "led1:A", "esp:4", "green", [ "v0" ] ],
    [ "led1:C", "esp:GND.1", "black", [ "v28.8", "h-201.2", "v-76.8" ] ]
  ],
  "dependencies": {}
}