{
  "version": 1,
  "author": "Anonymous maker",
  "editor": "wokwi",
  "parts": [
    { "type": "wokwi-breadboard-half", "id": "bb1", "top": 169.8, "left": -256.4, "attrs": {} },
    { "type": "board-esp32-devkit-c-v4", "id": "esp", "top": 0, "left": 0, "attrs": {} },
    {
      "type": "wokwi-serial-port",
      "id": "serial",
      "top": 0,
      "left": 0,
      "attrs": { "baud": "115200" }
    },
    { "type": "chip-mq3", "id": "chip1", "top": -27.78, "left": -110.4, "attrs": {} },
    {
      "type": "wokwi-pir-motion-sensor",
      "id": "pir1",
      "top": -24.8,
      "left": -295.38,
      "attrs": {}
    }
  ],
  "connections": [
    [ "esp:TX", "serial:RX", "", [] ],
    [ "esp:RX", "serial:TX", "", [] ],
    [ "chip1:AO", "esp:34", "green", [ "h-86.4", "v48" ] ],
    [ "pir1:OUT", "esp:27", "green", [ "v0" ] ],
    [ "chip1:VCC", "bb1:tp.10", "red", [ "h0" ] ],
    [ "chip1:GND", "bb1:tn.9", "black", [ "h0" ] ],
    [ "pir1:VCC", "bb1:tp.6", "red", [ "v86.4", "h86.4" ] ],
    [ "pir1:GND", "bb1:tn.7", "black", [ "v38.4", "h86.14" ] ],
    [ "esp:5V", "bb1:tp.16", "red", [ "h0" ] ],
    [ "esp:GND.1", "bb1:tn.17", "black", [ "h0" ] ]
  ],
  "dependencies": {}
}